{
  "estimator": "format_intervention_ce_diff",
  "model": "Qwen/Qwen2.5-7B-Instruct",
  "encoder": "sentence-transformers/all-MiniLM-L6-v2",
  "n_pairs": 50,
  "n_rows": 100,
  "best_C": 2.0007999999999995,
  "L_content": 0.24410694641654107,
  "L_full": 0.30297395416831124,
  "delta_format_lb_nats": -0.05886700775177017,
  "ci_95": [
    -0.11317305725822259,
    -0.01144500555423625
  ],
  "n_bootstrap": 655,
  "bootstrap_method": "full_recv_cluster_by_pair",
  "calibration": "isotonic",
  "contamination_gate": "UNKNOWN",
  "sanity": {
    "I_unconditional": 0.002235791870799697,
    "I_F_from_phi": 0.0,
    "flip_rate": 0.08,
    "L_content": 0.24410694641654107,
    "H_A": 0.3250829733914482,
    "parse_success_rate": 1.0
  }
}