{
  "I_unconditional": 0.002235791870799697,
  "I_F_from_phi": 0.0,
  "flip_rate": 0.08,
  "L_content": 0.24410694641654107,
  "H_A": 0.3250829733914482,
  "parse_success_rate": 1.0
}